feature,importance
spend_30d,0.3211745291159989
spend_per_day_30d,0.23841080884785001
conversions_30d,0.2276611013267104
clicks_30d,0.17939687144179595
clicks_per_campaign,0.014233133889448127
num_campaigns_30d,0.009466153264658746
active_days_30d,0.009464177400503095
num_product_types_30d,0.00011132056201381167
days_to_first_spend,5.424771797824844e-05
segment_encoded,1.5347505330147953e-05
conversions_per_click,1.2308927712637462e-05
region_encoded,0.0
