train_r2,test_r2,train_mae,test_mae,train_rmse,test_rmse
0.9375475604268687,0.5865855616920943,17377.985944403525,61216.29105694567,38353.3767973643,206165.90892749577
