,metric,control_mean,control_std,control_n,treatment_mean,treatment_std,treatment_n,lift_percent,p_value,is_significant,cohens_d,t_stat
roas,roas,1.8919107351005024,0.7545107140918466,382,1.8553755015663138,0.7526593093932357,323,-1.9311288242279467,0.5215256048339215,False,-0.04847686645364485,-0.6413172525927726
cvr,cvr,5.44519480978877,0.9725625708222527,382,5.425545360222729,1.0511408686042967,323,-0.3608585230177242,0.7968291565434773,False,-0.019468124750900706,-0.2575505636347141
cpc,cpc,1.6859187822266166,0.7477895331561251,382,1.6960360134037076,0.7349634095921741,323,0.6001019315846869,0.8568926824121863,False,0.01363614438658345,0.1803972759321067
